{
    "ObjItems": [
        {
            "ObjID": 1072187674,
            "Object": {
                "Comment": "",
                "Name": "CAD¶à¶ÎÏß",
                "ObjectDetail": {
                    "AltitudeColor": 0,
                    "Edit": 1,
                    "Gcj02": 1,
                    "Latlng": [
                        39.78999747,
                        116.51231905,
                        39.79024558,
                        116.51206256,
                        39.79047711,
                        116.51183813,
                        39.79077459,
                        116.51161371,
                        39.79116264,
                        116.51143206,
                        39.79141049,
                        116.51126107,
                        39.79166716,
                        116.51089770,
                        39.79210506,
                        116.51058780,
                        39.79245191,
                        116.51039545,
                        39.79275769,
                        116.51014966,
                        39.79300567,
                        116.50993593,
                        39.79322901,
                        116.50969012,
                        39.79350986,
                        116.50950846,
                        39.79367507,
                        116.50940160,
                        39.79391470,
                        116.50921993,
                        39.79431110,
                        116.50899553,
                        39.79452613,
                        116.50877110,
                        39.79486527,
                        116.50839706,
                        39.79515443,
                        116.50819402,
                        39.79550152,
                        116.50791617,
                        39.79583234,
                        116.50756350,
                        39.79608012,
                        116.50741390,
                        39.79617975,
                        116.50717878
                    ],
                    "Mtp": 23,
                    "OverlayIdx": 0,
                    "ShowLevel": 1,
                    "ShowLevelMax": 0,
                    "ShowName": 0,
                    "TrackDraw": {
                        "CadLineShowWid": 0,
                        "CircleClr": 32768,
                        "CircleWidth": 5,
                        "Close": 0,
                        "LineAlpha": 100,
                        "LineClr": 65535,
                        "LineType": 0,
                        "LineTypeCustom": 0,
                        "LineTypeScale": 0E-8,
                        "LineWidth": 3,
                        "NeedDrawDetail": 0,
                        "ShowType": 5,
                        "SplineDegree": 0
                    },
                    "TrackType": 0
                },
                "Type": 8
            },
            "ParentID": 1,
            "Type": 8,
            "tmModify": "2023/08/14 16:58:57"
        }
    ],
    "Type": 1,
    "Version": "V9.8.5"
}